a,k,threshold_a_between_k_and_k_plus_1
1,0,-9.082646172e-07
2,0,-6.289682404e-05
2,1,6.272411774e-05
3,0,-1.249910032e-04
3,1,-7.277791626e-07
3,2,1.255051734e-04
4,0,-1.875220082e-04
4,1,-6.300631965e-05
4,2,6.263836656e-05
4,3,1.877585327e-04
5,0,-2.491688426e-04
5,1,-1.248140201e-04
5,2,-6.610282460e-07
5,3,1.243452339e-04
5,4,2.488772679e-04
6,0,-3.104676492e-04
6,1,-1.860583583e-04
6,2,-6.266121471e-05
6,3,6.178610886e-05
6,4,1.858242422e-04
6,5,3.107736843e-04
7,0,-3.712239723e-04
7,1,-2.473999627e-04
7,2,-1.239758223e-04
7,3,-2.254831414e-07
7,4,1.232146832e-04
7,5,2.476773803e-04
7,6,3.714717521e-04
8,0,-4.316037555e-04
8,1,-3.084088860e-04
8,2,-1.850356401e-04
8,3,-6.178090389e-05
8,4,6.110532585e-05
8,5,1.849309298e-04
8,6,3.088288546e-04
8,7,4.315367679e-04
9,0,-4.915142545e-04
9,1,-3.687774571e-04
9,2,-2.459418270e-04
9,3,-1.231114050e-04
9,4,-7.112547235e-07
9,5,1.230318173e-04
9,6,2.464592385e-04
9,7,3.685651350e-04
9,8,4.909857541e-04
10,0,-5.511148054e-04
10,1,-4.288723362e-04
10,2,-3.066393744e-04
10,3,-1.839213244e-04
10,4,-6.193918253e-05
10,5,6.136745464e-05
10,6,1.844075837e-04
10,7,3.062702728e-04
10,8,4.280364831e-04
10,9,5.515793341e-04
11,0,-6.102014374e-04
11,1,-4.885265781e-04
11,2,-3.667062304e-04
11,3,-2.445833839e-04
11,4,-1.226199288e-04
11,5,-6.234399209e-08
11,6,1.225122378e-04
11,7,2.441676444e-04
11,8,3.657226698e-04
11,9,4.887251514e-04
11,10,6.104683842e-04
12,0,-6.693166068e-04
12,1,-5.477150175e-04
12,2,-4.262900747e-04
12,3,-3.045493158e-04
12,4,-1.828282348e-04
12,5,-6.093009193e-05
12,6,6.109204456e-05
12,7,1.825628427e-04
12,8,3.037041798e-04
12,9,4.262962295e-04
12,10,5.475342384e-04
12,11,6.695398705e-04
13,0,-7.279807728e-04
13,1,-6.066846573e-04
13,2,-4.855746379e-04
13,3,-3.642881491e-04
13,4,-2.429679133e-04
13,5,-1.214741521e-04
13,6,1.919280393e-07
13,7,1.210711362e-04
13,8,2.421466793e-04
13,9,3.641697840e-04
13,10,4.849246913e-04
13,11,6.068103801e-04
13,12,7.280049623e-04
14,0,-7.860849403e-04
14,1,-6.652301947e-04
14,2,-5.444259069e-04
14,3,-4.236923866e-04
14,4,-3.024441527e-04
14,5,-1.815204505e-04
14,6,-6.027276234e-05
14,7,6.027150898e-05
14,8,1.809936713e-04
14,9,3.025060023e-04
14,10,4.231389954e-04
14,11,5.443109481e-04
14,12,6.650745527e-04
14,13,7.860168650e-04
15,0,-8.439889846e-04
15,1,-7.234537625e-04
15,2,-6.031723917e-04
15,3,-4.825238133e-04
15,4,-3.616871132e-04
15,5,-2.411915958e-04
15,6,-1.203702756e-04
15,7,-2.250549111e-07
15,8,1.200575805e-04
15,9,2.411627873e-04
15,10,3.615489054e-04
15,11,4.823101960e-04
15,12,6.025598187e-04
15,13,7.231328214e-04
15,14,8.445277931e-04
16,0,-9.014351473e-04
16,1,-7.812774909e-04
16,2,-6.612050111e-04
16,3,-5.410671313e-04
16,4,-4.205238147e-04
16,5,-3.004500062e-04
16,6,-1.800331924e-04
16,7,-6.012030992e-05
16,8,5.952325936e-05
16,9,1.803800644e-04
16,10,3.004255269e-04
16,11,4.207289486e-04
16,12,5.405347373e-04
16,13,6.608240379e-04
16,14,7.816254486e-04
16,15,9.011979990e-04
