topology,ota_scale,i_per_bitline_uA,step_ratio_far_1ns,node_min_mV,node_max_mV
a,1,100.426,0.3522396445213796,194.0591497097,270.31276655839997
a,4,401.31,0.6066865312179954,227.2284604954,268.42778804529996
a,16,1603.74,0.7512063004501871,197.0006152416,345.0712787179
d,1,100.18299999999999,0.11209821440454344,274.2315667047,324.3985338661
d,4,401.10200000000003,0.4624672934859315,257.62258600049995,291.7258092697
d,16,1604.7800000000002,0.7895415906348556,220.7920687421,267.4461931727
c,1,5.0,0.8504755530088396,501.29716410019995,553.5624862946
d2,1,141.61100000000002,0.6069786688447436,249.2882269198,320.2261058854
b,1,124.4685,0.7792975496087032,211.2868582239,334.13546810869997
