vb,tail_s,T_s,far_sigma_uA
0.42,3e-10,5e-10,2.8344537389636337
0.42,3e-10,1e-09,1.8327457640468754
0.42,3e-10,2e-09,0.9587207821291935
0.42,1e-09,5e-10,2.0548854886979826
0.42,1e-09,1e-09,0.9177258885264692
0.42,1e-09,2e-09,1.1848534385887466
0.46,3e-10,5e-10,1.3474134998340421
0.46,3e-10,1e-09,2.2488448008503275
0.46,3e-10,2e-09,0.8835412438622912
0.46,1e-09,5e-10,2.0972032134857597
0.46,1e-09,1e-09,0.6340350336922749
0.46,1e-09,2e-09,0.5448745808124477
0.5,3e-10,5e-10,2.5158278740389877
0.5,3e-10,1e-09,1.2604937138034236
0.5,3e-10,2e-09,0.9360186411200997
0.5,1e-09,5e-10,0.9139050524409991
0.5,1e-09,1e-09,1.6291710720881543
0.5,1e-09,2e-09,0.4648562786941533
