vb,k,w1,wi1,wp,i_uA,gate_area_um2,sigma_0p5_uA,sigma_1_uA,sigma_2_uA,cm_gain
0.42,2.0,8e-06,8e-06,4e-06,447.976,16.919999999999998,0.9018141181688125,0.6317851202990232,0.4527498787497131,-0.037711
0.42,2.0,8e-06,1.6e-05,4e-06,451.126,19.799999999999997,0.9020847353771553,0.6186009665316572,0.4386609235913649,-0.037737
0.42,2.0,1.5e-05,8e-06,4e-06,451.321,18.494999999999997,0.9149472027414216,0.6480783028423226,0.4595817513186912,-0.037960000000000015
0.42,2.0,1.5e-05,1.6e-05,4e-06,454.38100000000003,21.374999999999996,0.9009375372097705,0.6335590827854417,0.4439176004582902,-0.037973999999999994
0.42,4.0,8e-06,8e-06,4e-06,383.234,16.38,1.0625618108941357,0.7517123248373995,0.5427539117622597,-0.025121679999999997
0.42,4.0,8e-06,1.6e-05,4e-06,386.39700000000005,19.26,1.06659917349002,0.7401251346341704,0.5313271488640295,-0.025138079999999993
0.42,4.0,1.5e-05,8e-06,4e-06,384.997,17.482499999999995,1.0918930659713608,0.7716797227848139,0.5498862682187936,-0.025566819999999997
0.42,4.0,1.5e-05,1.6e-05,4e-06,388.103,20.362499999999997,1.0841834544881892,0.7601050692546997,0.5368647422337521,-0.025571419999999997
0.42,2.0,8e-06,8e-06,8e-06,448.50800000000004,19.080000000000002,0.8820213878903677,0.629109354591066,0.45438773431758517,-0.019270699999999995
0.42,2.0,8e-06,1.6e-05,8e-06,451.656,21.96,0.8767985633688201,0.6140112888895681,0.4396973458203791,-0.019283699999999994
0.42,2.0,1.5e-05,8e-06,8e-06,451.898,20.654999999999998,0.8977342555451164,0.6451270208255259,0.4614182719162226,-0.018907299999999988
0.42,2.0,1.5e-05,1.6e-05,8e-06,454.956,23.535,0.8818053030897437,0.6291906811118081,0.4455389820574413,-0.018910499999999993
0.42,4.0,8e-06,8e-06,8e-06,383.2,18.540000000000003,1.0302444334725633,0.7445477821018982,0.5427755034796868,-0.0115251
0.42,4.0,8e-06,1.6e-05,8e-06,386.363,21.42,1.0283542031281514,0.7313393003778531,0.5307283269974933,-0.011532520000000001
0.42,4.0,1.5e-05,8e-06,8e-06,384.981,19.6425,1.059138176227976,0.7635592188772836,0.5498084657538057,-0.011356759999999997
0.42,4.0,1.5e-05,1.6e-05,8e-06,388.087,22.522499999999997,1.048721931125341,0.7504943268652106,0.5365676393538868,-0.011357420000000002
0.42,2.0,8e-06,8e-06,1.6e-05,448.697,27.72,0.8186019381580241,0.6060274480245208,0.447647586807792,-0.013418
0.42,2.0,8e-06,1.6e-05,1.6e-05,451.846,30.6,0.8106986659565477,0.589957168549688,0.4327650740882517,-0.013426599999999999
0.42,2.0,1.5e-05,8e-06,1.6e-05,452.101,29.295,0.8339202452342535,0.6208703867640171,0.4543305119688471,-0.012850799999999997
0.42,2.0,1.5e-05,1.6e-05,1.6e-05,455.159,32.175,0.817285036853867,0.6042489386718762,0.4384920265517566,-0.012851299999999994
0.42,4.0,8e-06,8e-06,1.6e-05,383.214,27.18,0.9456583536486971,0.7094664537845642,0.5314425268456111,-0.007339640000000001
0.42,4.0,8e-06,1.6e-05,1.6e-05,386.37699999999995,30.06,0.9427720835024277,0.6961242687669145,0.5193640113916171,-0.007344099999999998
0.42,4.0,1.5e-05,8e-06,1.6e-05,385.001,28.282499999999995,0.9715335459130816,0.7265412247990204,0.537753640916836,-0.00698678
0.42,4.0,1.5e-05,1.6e-05,1.6e-05,388.106,31.162499999999994,0.9609465145580981,0.7132883559346517,0.5246309180942672,-0.006986239999999999
0.46,2.0,8e-06,8e-06,4e-06,310.53,16.919999999999998,1.022212861745044,0.7224506108462905,0.5119244756613474,-0.03756
0.46,2.0,8e-06,1.6e-05,4e-06,311.89,19.799999999999997,1.0146153553177881,0.7113192599508579,0.4990050182026036,-0.037576
0.46,2.0,1.5e-05,8e-06,4e-06,314.003,18.494999999999997,1.032022740988012,0.7319680084179713,0.5196038244948946,-0.03813699999999998
0.46,2.0,1.5e-05,1.6e-05,4e-06,315.329,21.374999999999996,1.0316695707644488,0.7208847149804927,0.5074581431572202,-0.03814999999999998
0.46,4.0,8e-06,8e-06,4e-06,247.14700000000002,16.38,1.1727989783849995,0.8321753434084003,0.5941224197297444,-0.0248197
0.46,4.0,8e-06,1.6e-05,4e-06,248.49699999999999,19.26,1.1656452134210606,0.823709841691732,0.582513432506568,-0.024832279999999995
0.46,4.0,1.5e-05,8e-06,4e-06,248.95000000000002,17.482499999999995,1.190558142620224,0.8462454736614694,0.6012339257947643,-0.0254007
0.46,4.0,1.5e-05,1.6e-05,4e-06,250.28099999999998,20.362499999999997,1.1877543584459882,0.8362577644506897,0.5903159016099994,-0.025409559999999998
0.46,2.0,8e-06,8e-06,8e-06,311.02700000000004,19.080000000000002,1.003796244675301,0.7193247922904149,0.5141282485650257,-0.0194934
0.46,2.0,8e-06,1.6e-05,8e-06,312.388,21.96,0.995753445837889,0.7072561443903636,0.5010199714367146,-0.019502899999999997
0.46,2.0,1.5e-05,8e-06,8e-06,314.546,20.654999999999998,1.0154534309870358,0.7297847661425704,0.5217863058309453,-0.0194696
0.46,2.0,1.5e-05,1.6e-05,8e-06,315.87199999999996,23.535,1.0134780339004348,0.7177904532064208,0.5092981980030191,-0.019476399999999998
0.46,4.0,8e-06,8e-06,8e-06,247.1,18.540000000000003,1.1381191352427882,0.8231863211474238,0.594111003319015,-0.011622479999999998
0.46,4.0,8e-06,1.6e-05,8e-06,248.45,21.42,1.1301293735087963,0.8133630086368114,0.5824060248116647,-0.011628579999999998
0.46,4.0,1.5e-05,8e-06,8e-06,248.922,19.6425,1.1576845272931284,0.8377374039036823,0.6012292107487043,-0.01158828
0.46,4.0,1.5e-05,1.6e-05,8e-06,250.252,22.522499999999997,1.1534033728824433,0.826855961450556,0.5900449653975367,-0.011592279999999998
0.46,2.0,8e-06,8e-06,1.6e-05,311.206,27.72,0.9308692323079122,0.6918430702956809,0.5062076900414895,-0.013766499999999994
0.46,2.0,8e-06,1.6e-05,1.6e-05,312.56699999999995,30.6,0.9207188228820801,0.6786559841287024,0.4928964430319608,-0.013773599999999995
0.46,2.0,1.5e-05,8e-06,1.6e-05,314.73900000000003,29.295,0.9428788238752737,0.7023994741491668,0.5134671928071558,-0.013540799999999995
0.46,2.0,1.5e-05,1.6e-05,1.6e-05,316.065,32.175,0.9378426998707331,0.689386357180559,0.5006382322655943,-0.013545399999999996
0.46,4.0,8e-06,8e-06,1.6e-05,247.10999999999999,27.18,1.0423535234677224,0.7828366708897796,0.581109785758609,-0.00755612
0.46,4.0,8e-06,1.6e-05,1.6e-05,248.45999999999998,30.06,1.032858649341305,0.7722691679189263,0.5693783001593604,-0.00756032
0.46,4.0,1.5e-05,8e-06,1.6e-05,248.937,28.282499999999995,1.0602503278748783,0.7963130412726197,0.5876116534752213,-0.0073366399999999984
0.46,4.0,1.5e-05,1.6e-05,1.6e-05,250.26699999999997,31.162499999999994,1.053949041693318,0.78485027077921,0.5762754602653118,-0.007339079999999998
0.5,2.0,8e-06,8e-06,4e-06,219.409,16.919999999999998,1.2680689536106167,0.8905550022795737,0.6321831116923615,-0.03718599999999999
0.5,2.0,8e-06,1.6e-05,4e-06,220.062,19.799999999999997,1.3097553478589041,0.8879244984205854,0.6256834086637888,-0.037187
0.5,2.0,1.5e-05,8e-06,4e-06,223.102,18.494999999999997,1.2503083778975386,0.8920327712804716,0.6374946489835186,-0.038117000000000005
0.5,2.0,1.5e-05,1.6e-05,4e-06,223.75300000000001,21.374999999999996,1.2826874877100136,0.8891793547403044,0.6298346784119112,-0.03812499999999999
0.5,4.0,8e-06,8e-06,4e-06,157.608,16.38,1.3970329567492143,0.986530947331117,0.702366892126547,-0.0243664642
0.5,4.0,8e-06,1.6e-05,4e-06,158.247,19.26,1.4385423436184062,0.9854607263497612,0.696916014197931,-0.0243691596
0.5,4.0,1.5e-05,8e-06,4e-06,159.519,17.482499999999995,1.398651167384183,0.993232686689184,0.7087240679738915,-0.025148259999999995
0.5,4.0,1.5e-05,1.6e-05,4e-06,160.15699999999998,20.362499999999997,1.4327493981644122,0.9906849969563964,0.702131249399534,-0.0251552
0.5,2.0,8e-06,8e-06,8e-06,219.867,19.080000000000002,1.250295269046374,0.8890606281863611,0.6350734550157929,-0.019593399999999997
0.5,2.0,8e-06,1.6e-05,8e-06,220.52,21.96,1.2895506046914793,0.8860516558718894,0.6281178184991074,-0.019594900000000005
0.5,2.0,1.5e-05,8e-06,8e-06,223.60500000000002,20.654999999999998,1.2337266350431713,0.8917158081970623,0.6405354935545543,-0.019934399999999998
0.5,2.0,1.5e-05,1.6e-05,8e-06,224.256,23.535,1.2640778752733342,0.8885747720321967,0.6325690644005588,-0.019939399999999996
0.5,4.0,8e-06,8e-06,8e-06,157.547,18.540000000000003,1.3598838878152941,0.9772777751467867,0.7022443301250927,-0.011663139999999997
0.5,4.0,8e-06,1.6e-05,8e-06,158.186,21.42,1.3973980667727437,0.9754023927661258,0.6961723192272938,-0.011664699999999998
0.5,4.0,1.5e-05,8e-06,8e-06,159.475,19.6425,1.3632969665600998,0.9853492711991307,0.7087580948957535,-0.011827979999999998
0.5,4.0,1.5e-05,1.6e-05,8e-06,160.113,22.522499999999997,1.3941464783972746,0.9823342118387024,0.7017464045107039,-0.011831559999999998
0.5,2.0,8e-06,8e-06,1.6e-05,220.035,27.72,1.1584641214149447,0.8554749646594785,0.624644870130126,-0.014025699999999997
0.5,2.0,8e-06,1.6e-05,1.6e-05,220.688,30.6,1.1883756928778888,0.8508807437635801,0.6166705104352028,-0.014027199999999997
0.5,2.0,1.5e-05,8e-06,1.6e-05,223.787,29.295,1.1486178472253896,0.8599828831450973,0.6304895474882745,-0.014166299999999998
0.5,2.0,1.5e-05,1.6e-05,1.6e-05,224.43800000000002,32.175,1.1721245479207554,0.8556281097675364,0.6218821595791723,-0.014170300000000002
0.5,4.0,8e-06,8e-06,1.6e-05,157.55200000000002,27.18,1.241193979040684,0.927830945025318,0.6857514260504487,-0.007744419999999999
0.5,4.0,8e-06,1.6e-05,1.6e-05,158.191,30.06,1.268830205075002,0.9240311450728115,0.6786524431061914,-0.007745639999999999
0.5,4.0,1.5e-05,8e-06,1.6e-05,159.486,28.282499999999995,1.247573416345468,0.9366010033016962,0.6921984195133077,-0.00772326
0.5,4.0,1.5e-05,1.6e-05,1.6e-05,160.123,31.162499999999994,1.2705636558982323,0.9321818332989438,0.6844683775775913,-0.00772588
