g,sigma_lnG,tail_s,T_s,margin_left_A
8,0.07,3e-10,5e-10,-9.070903089336753e-06
8,0.07,3e-10,1e-09,-1.1353405892055797e-06
8,0.07,3e-10,2e-09,1.3306372706706827e-06
8,0.1,3e-10,5e-10,-9.898623034569129e-06
8,0.1,3e-10,1e-09,-2.497333339318286e-06
8,0.1,3e-10,2e-09,-3.590759090442086e-07
8,0.1,1e-09,5e-10,-6.553421519790392e-06
8,0.1,1e-09,1e-09,-3.878863155793045e-06
8,0.1,1e-09,2e-09,3.191145136029338e-07
4,0.07,3e-10,5e-10,2.5135066994984954e-07
4,0.07,3e-10,1e-09,7.979913592939367e-06
4,0.07,3e-10,2e-09,1.0310728786428991e-05
4,0.1,3e-10,5e-10,-8.492746033684847e-07
4,0.1,3e-10,1e-09,6.231418482807696e-06
4,0.1,3e-10,2e-09,8.201409684992709e-06
4,0.1,1e-09,5e-10,2.384264173288228e-06
4,0.1,1e-09,1e-09,4.9336335256405865e-06
4,0.1,1e-09,2e-09,8.812919216506187e-06
