droop_mV,g,sigma_lnG,vb,T_s,tail_s,best_margin_A
0.0,4,0.03,0.46,2e-09,1e-09,1.3792282770433014e-05
0.0,4,0.05,0.46,2e-09,1e-09,1.2717952792961155e-05
0.0,4,0.07,0.46,2e-09,1e-09,1.1362677678371736e-05
0.0,4,0.1,0.46,2e-09,1e-09,9.042564643267176e-06
0.0,4,0.15,0.46,2e-09,1e-09,7.561427856557872e-06
0.0,8,0.03,0.46,2e-09,1e-09,4.3777304578215714e-06
0.0,8,0.05,0.46,2e-09,1e-09,3.5494469610225614e-06
0.0,8,0.07,0.46,2e-09,1e-09,2.4715780932109174e-06
0.0,8,0.1,0.46,2e-09,1e-09,5.761473492733155e-07
0.0,8,0.15,0.46,2e-09,1e-09,-2.953666450988851e-06
0.0,16,0.03,0.46,2e-09,1e-09,-4.068899491702723e-06
0.0,16,0.05,0.46,2e-09,1e-09,-4.803942657473168e-06
0.0,16,0.07,0.46,2e-09,1e-09,-5.771561140357905e-06
0.0,16,0.1,0.46,2e-09,1e-09,-7.485387473067079e-06
0.0,16,0.15,0.46,2e-09,1e-09,-1.0696377522670268e-05
8.0,4,0.03,0.46,2e-09,1e-09,1.2293513921889717e-05
8.0,4,0.05,0.46,2e-09,1e-09,1.1357959597676351e-05
8.0,4,0.07,0.46,2e-09,1e-09,1.0159368157798305e-05
8.0,4,0.1,0.46,2e-09,1e-09,8.079989146350118e-06
8.0,4,0.15,0.46,2e-09,1e-09,6.75362191264848e-06
8.0,8,0.03,0.46,2e-09,1e-09,3.589845255823339e-06
8.0,8,0.05,0.46,2e-09,1e-09,2.872481276866403e-06
8.0,8,0.07,0.46,2e-09,1e-09,1.9253216420561146e-06
8.0,8,0.1,0.46,2e-09,1e-09,2.3633317604601658e-07
8.0,8,0.15,0.46,2e-09,1e-09,-2.950434154015343e-06
8.0,16,0.03,0.46,2e-09,1e-09,-4.285487850032128e-06
8.0,16,0.05,0.46,2e-09,1e-09,-4.920940425147825e-06
8.0,16,0.07,0.46,2e-09,1e-09,-5.7691784718483544e-06
8.0,16,0.1,0.46,2e-09,1e-09,-7.292690522652093e-06
8.0,16,0.15,0.46,2e-09,1e-09,-1.0186209517003141e-05
