variant,r,sigma,margin_pct
end,0.72,0.01,-56.893797584061886
end,0.72,0.02,-59.56498984793105
end,0.72,0.03,-63.81519844363495
end,0.72,0.04,-69.54392114484617
end,0.72,0.05,-76.47083164531998
end,0.72,0.06,-84.37483887450212
end,0.72,0.07,-93.06401115287966
end,0.72,0.08,-102.37984030994647
end,0.72,0.1,-122.40914884030386
centre,0.72,0.01,4.16970808612938
centre,0.72,0.02,0.9485516174277027
centre,0.72,0.03,-4.002743767473254
centre,0.72,0.04,-10.232680666511703
centre,0.72,0.05,-17.367172288531112
centre,0.72,0.06,-25.134815454477383
centre,0.72,0.07,-33.348970859735324
centre,0.72,0.08,-41.8829020541974
centre,0.72,0.1,-59.58967756422925
centre,0.5,0.01,27.267291855225263
centre,0.5,0.02,23.526174113211432
centre,0.5,0.03,17.915001719850583
centre,0.5,0.04,11.123039923504843
centre,0.5,0.05,3.5808444014960465
centre,0.5,0.06,-4.4443588627149735
centre,0.5,0.07,-12.789398286779283
centre,0.5,0.08,-21.352736344739085
centre,0.5,0.1,-38.89549137751306
seg2_mid,0.72,0.01,23.988082607577574
seg2_mid,0.72,0.02,19.662759796103916
seg2_mid,0.72,0.03,13.482870404325354
seg2_mid,0.72,0.04,6.173460082087049
seg2_mid,0.72,0.05,-1.7652595421036525
seg2_mid,0.72,0.06,-10.084690870143902
seg2_mid,0.72,0.07,-18.79530602046151
seg2_mid,0.72,0.08,-28.05358707461412
seg2_mid,0.72,0.1,-46.6683680625284
seg4_mid,0.72,0.01,30.142860140098133
seg4_mid,0.72,0.02,24.836454523855448
seg4_mid,0.72,0.03,17.08289684151551
seg4_mid,0.72,0.04,8.431371788747455
seg4_mid,0.72,0.05,-0.5175577664695997
seg4_mid,0.72,0.06,-9.624978199896022
seg4_mid,0.72,0.07,-18.82503931153853
seg4_mid,0.72,0.08,-28.08271385931473
seg4_mid,0.72,0.1,-46.69663515433947
