scale_or_tag,r_d_or_stagger,c_dec_or_T,c_dec_or_droop,droop_or_recovery
1.0,0.02,5e-10,86.34659569379998,7.362499999999999
1.0,0.02,1e-09,56.94750693439998,6.0675
1.0,0.02,2e-09,32.88902393679999,5.6725
1.0,0.02,5e-09,14.872184155199974,6.4925
1.0,0.02,1e-08,8.277487462099998,11.6175
1.0,0.02,2e-08,4.857918859999977,16.212500000000002
0.5,0.05,1e-10,88.22985791509996,7.4674999999999985
0.5,0.05,2e-10,63.93817951709996,7.4775
0.5,0.05,5e-10,42.50458189489997,5.6175
0.5,0.05,1e-09,28.33622079449999,5.5325
0.5,0.05,2e-09,16.77551637429997,4.6875
0.5,0.05,5e-09,8.154957301399978,5.1025
0.5,0.05,1e-08,4.978006662799961,7.472499999999999
0.25,0.05,1e-10,44.114578903699964,6.612500000000001
0.25,0.05,2e-10,31.96901608699998,6.3425
0.25,0.05,5e-10,21.25228865119999,5.2875
0.25,0.05,1e-09,14.168110560699997,3.372499999999999
0.25,0.05,2e-09,8.387758450000005,1.8975000000000002
0.25,0.05,5e-09,4.07747925859997,3.4775
0.25,0.05,1e-08,2.48900364969995,3.3024999999999993
0.125,0.05,1e-10,22.05748631529997,5.1274999999999995
0.125,0.05,2e-10,15.984507901800004,5.2075
0.125,0.05,5e-10,10.62613803929996,3.6774999999999993
0.125,0.05,1e-09,7.084056388699967,2.9824999999999995
0.125,0.05,2e-09,4.193881282400003,1.5074999999999998
0.125,0.05,5e-09,2.0387409069999585,1.6774999999999998
0.125,0.05,1e-08,1.244502509599954,0.0
stagger,0.0,5e-10,5e-10,67.04242529739996
stagger,0.0,5e-10,1e-09,39.18654502399998
stagger,0.0,5e-10,2e-09,23.45588342999999
stagger,0.0,5e-10,5e-09,13.413963325000001
stagger,0.0,5e-10,1e-08,9.9638044025
stagger,0.0,5e-10,2e-08,8.219225067500002
stagger,0.0,2e-09,5e-10,82.9133238286
stagger,0.0,2e-09,1e-09,62.27168940079997
stagger,0.0,2e-09,2e-09,46.75135339939995
stagger,0.0,2e-09,5e-09,26.536130894599996
stagger,0.0,2e-09,1e-08,17.08940099259998
stagger,0.0,2e-09,2e-08,11.784565960899995
stagger,2e-10,5e-10,5e-10,45.65706798719999
stagger,2e-10,5e-10,1e-09,28.61143852419995
stagger,2e-10,5e-10,2e-09,17.169308011100004
stagger,2e-10,5e-10,5e-09,9.298500494899997
stagger,2e-10,5e-10,1e-08,6.599628060399986
stagger,2e-10,5e-10,2e-08,5.219948364299953
stagger,2e-10,2e-09,5e-10,78.11195003019999
stagger,2e-10,2e-09,1e-09,61.146027295199964
stagger,2e-10,2e-09,2e-09,42.92550157989999
stagger,2e-10,2e-09,5e-09,23.530989502099974
stagger,2e-10,2e-09,1e-08,15.317189046699987
stagger,2e-10,2e-09,2e-08,10.84656854499999
