sigma_lnG,g,spread_5sigma_uA,budget_limit_uA
0.02,1,2.285348472217608,50.38870063100978
0.02,2,3.1773228754037572,50.22070173097463
0.02,4,4.360641059286034,49.91032572614646
0.02,8,6.398747281578142,49.29095683912626
0.02,16,8.504575282011658,48.045963200829156
0.02,32,11.165045008668127,45.721682323258975
0.02,64,14.688012564195786,41.572049320335616
0.02,128,16.999153957627477,34.78305032276698
0.05,1,5.711764397216005,50.38870063100978
0.05,2,7.942332124199683,50.22070173097463
0.05,4,10.894975726885882,49.91032572614646
0.05,8,15.98668738757372,49.29095683912626
0.05,16,21.254966265239005,48.045963200829156
0.05,32,27.903476929535387,45.721682323258975
0.05,64,36.7023578618289,41.572049320335616
0.05,128,42.483469427120134,34.78305032276698
0.1,1,11.410773996422398,50.38870063100978
0.1,2,15.870784622435778,50.22070173097463
0.1,4,21.75457447976726,49.91032572614646
0.1,8,31.916906969420516,49.29095683912626
0.1,16,42.46066459176632,48.045963200829156
0.1,32,55.74173445200422,45.721682323258975
0.1,64,73.30262442140899,41.572049320335616
0.1,128,84.87070166451072,34.78305032276698
0.15,1,17.083373076131885,50.38870063100978
0.15,2,23.76536740497165,50.22070173097463
0.15,4,32.55476979577496,49.91032572614646
0.15,8,47.749344799466094,49.29095683912626
0.15,16,63.565457153130716,48.045963200829156
0.15,32,83.45008873738703,45.721682323258975
0.15,64,109.72089394804738,41.572049320335616
0.15,128,127.07194378731992,34.78305032276698
0.2,1,22.716308094742036,50.38870063100978
0.2,2,31.606194740763137,50.22070173097463
0.2,4,43.274233361902155,49.91032572614646
0.2,8,63.44444168670774,49.29095683912626
0.2,16,84.51853527045083,48.045963200829156
0.2,32,110.96516804404594,45.721682323258975
0.2,64,145.87936796835191,41.572049320335616
0.2,128,168.99901274342662,34.78305032276698
