cell_area_F2,R_s_ohm,mu_nonuniform_min,mu_uniform_min
20,1.0,7.781887028468303,7.691194618792542
20,2.0,7.403499537591807,7.068230304741221
20,5.0,6.393380984329525,4.715358578730491
20,10.0,5.043550556828974,0.21919039801988563
20,20.0,3.179299638471339,-7.919338304200071
20,50.0,0.6011588414183217,-20.645404719922826
40,1.0,12.227302393642596,11.935287500169855
40,2.0,11.424150371029606,10.38415118039947
40,5.0,9.3895564521267,4.656902802240397
40,10.0,6.907778283100979,-5.154908099268379
40,20.0,3.8990677749330827,-19.731584104712084
40,50.0,0.4979888264110887,-35.33939947459494
60,1.0,14.763978653666857,14.271992333264977
60,2.0,13.646550024686153,11.933414857873796
60,5.0,10.900804688182486,3.5183544112340694
60,10.0,7.717324042730256,-9.93578673521744
60,20.0,4.109591228635117,-27.868019001663136
60,50.0,0.39891852295855684,-43.374685361063236
100,1.0,17.560189679231115,16.748499364530847
100,2.0,16.03375113680316,13.281110916343737
100,5.0,12.410007638133937,1.25065164613844
100,10.0,8.43415656566711,-16.51383893493067
100,20.0,4.230033826513047,-37.577768198724385
100,50.0,0.2811831712526068,-51.850098458084766
