layout,ohm_per_pitch,g,within_group_worst_case_uA,random_pattern_heldout_max_after_table_uA
contiguous,0.5,4,0.15792669573973564,0.19545042800342635
contiguous,0.5,8,1.2389076018449205,1.3083622899316378
contiguous,0.5,16,9.420499293231869,7.043653651620969
contiguous,0.5,32,65.34880360604782,39.40724899765332
contiguous,0.5,64,351.15018642130747,152.49782586453938
contiguous,0.72,4,0.2270977169309109,0.2497870794545819
contiguous,0.72,8,1.776181631230853,1.959599157735456
contiguous,0.72,16,13.357721659124685,11.791734194388617
contiguous,0.72,32,89.21982518452853,55.89861145943628
contiguous,0.72,64,432.68780277186715,191.98624702548585
interleaved,0.5,4,16.795712600757202,20.887951623341248
interleaved,0.5,8,53.75603253243773,60.158791453253485
interleaved,0.5,16,148.08778259911796,144.96815442085085
interleaved,0.5,32,339.9154078666335,248.68935679263294
interleaved,0.5,64,650.1232446499737,373.9322745855073
interleaved,0.72,4,22.455512594416113,25.805392624778435
interleaved,0.72,8,67.07652538015866,64.30312932480368
interleaved,0.72,16,168.68494138508615,142.5669546978418
interleaved,0.72,32,351.6947536704605,251.1294393595792
interleaved,0.72,64,621.5889547963237,377.94345081741346
