g,m_over_g,differential_gap,single_column_gap
32,0.015625,0.6839184703014295,0.9755939844587492
32,0.046875,0.670877960528896,0.9401091332391498
32,0.078125,0.6589681806250126,0.9065426724373131
32,0.109375,0.6481289445859271,0.8747572806709172
32,0.140625,0.6383067086106153,0.844627856524908
32,0.171875,0.6294539625084523,0.8160402196934025
32,0.203125,0.6215287050063663,0.7888899724685595
32,0.234375,0.6144939920953498,0.7630814990624278
32,0.265625,0.6083175493718784,0.7385270837832044
32,0.296875,0.6029714408476242,0.7151461320120723
32,0.328125,0.5984317879764659,0.6928644803522014
32,0.359375,0.594678533731016,0.6716137843436587
32,0.390625,0.59169524748793,0.6513309738275679
32,0.421875,0.5894689672859407,0.6319577674621087
32,0.453125,0.5879900767259547,0.6134402390864989
32,0.484375,0.5872522144131582,0.5957284296387639
32,0.515625,0.5872522144131594,0.5787759991875387
32,0.546875,0.5879900767259584,0.5625399143652658
32,0.578125,0.5894689672859348,0.5469801671093653
32,0.609375,0.5916952474879328,0.532059521147506
32,0.640625,0.594678533731016,0.5177432831170617
32,0.671875,0.5984317879764679,0.5039990955987647
32,0.703125,0.6029714408476201,0.4907967496804069
32,0.734375,0.6083175493718813,0.47810801495685484
32,0.765625,0.6144939920953487,0.4659064851234862
32,0.796875,0.6215287050063674,0.4541674375381494
32,0.828125,0.6294539625084523,0.4428677053160764
32,0.859375,0.6383067086106153,0.4319855606873324
32,0.890625,0.6481289445859271,0.4215006084902026
32,0.921875,0.6589681806250126,0.4113936888000491
32,0.953125,0.670877960528896,0.4016467878038477
32,0.984375,0.6839184703014295,0.39224295612697835
64,0.0078125,0.5881489867340716,0.9698337549067529
64,0.0234375,0.5723522191145612,0.9346711260775066
64,0.0390625,0.5575493723038986,0.9014029267195783
64,0.0546875,0.5436745418092341,0.869894056094343
64,0.0703125,0.5306678833249278,0.8400213873486229
64,0.0859375,0.5184749830899769,0.8116725003221161
64,0.1015625,0.5070463063564719,0.784744570073914
64,0.1171875,0.4963367131080104,0.7591433893677826
64,0.1328125,0.4863050318690837,0.7347825067590841
64,0.1484375,0.4769136838553329,0.7115824647385429
64,0.1640625,0.4681283508853319,0.6894701247277392
64,0.1796875,0.4599176814517579,0.6683780676699805
64,0.1953125,0.4522530301676882,0.648244060592587
64,0.2109375,0.4451082264918514,0.6290105808870786
64,0.2265625,0.43845936921677225,0.6106243912093166
64,0.2421875,0.4322846436949023,0.5930361588772058
64,0.2578125,0.4265641591956404,0.5762001144733964
64,0.2734375,0.4212798041412594,0.5600737450627414
64,0.2890625,0.41641511727495945,0.5446175180372498
64,0.3046875,0.4119551730751042,0.5297946321138078
64,0.3203125,0.40788647995530103,0.5155707924515377
64,0.3359375,0.40419688998463427,0.5019140072340184
64,0.3515625,0.40087551903213686,0.4887944033895405
64,0.3671875,0.39791267638668804,0.47618405940304015
64,0.3828125,0.39529980303390916,0.4640568534199122
64,0.3984375,0.3930294178852547,0.45238832505217635
64,0.4140625,0.391095071356291,0.4411555494836022
64,0.4296875,0.3894913057817189,0.43033702263020596
64,0.4453125,0.38821362223597716,0.41991255625367935
64,0.4609375,0.3872584534030877,0.4098631820481247
64,0.4765625,0.38662314220662475,0.4001710638280171
64,0.4921875,0.38630592597486396,0.3908194170406531
64,0.5078125,0.3863059259748666,0.3817924349090651
64,0.5234375,0.3866231422066244,0.37307522058516496
64,0.5390625,0.3872584534030813,0.36465372475782015
64,0.5546875,0.3882136222359806,0.356514688217859
64,0.5703125,0.3894913057817191,0.3486455889325333
64,0.5859375,0.3910950713562888,0.34103459322794033
64,0.6015625,0.39302941788525786,0.33367051071687115
64,0.6171875,0.3952998030339094,0.3265427526459481
64,0.6328125,0.3979126763866876,0.3196412933678201
64,0.6484375,0.4008755190321341,0.31295663467156726
64,0.6640625,0.40419688998463815,0.30647977273136
64,0.6796875,0.40788647995529775,0.30020216745437117
64,0.6953125,0.4119551730751017,0.2941157140308148
64,0.7109375,0.41641511727496383,0.28821271650611846
64,0.7265625,0.42127980414125726,0.28248586321215347
64,0.7421875,0.4265641591956445,0.2769282039090962
64,0.7578125,0.43228464369490477,0.2715331285025478
64,0.7734375,0.43845936921677114,0.2662943472128141
64,0.7890625,0.44510822649184817,0.26120587208372725
64,0.8046875,0.4522530301676914,0.2562619997283161
64,0.8203125,0.45991768145175643,0.25145729521732996
64,0.8359375,0.46812835088532884,0.24678657702489268
64,0.8515625,0.47691368385533395,0.24224490295211726
64,0.8671875,0.48630503186908824,0.2378275569569625
64,0.8828125,0.4963367131080058,0.2335300368238307
64,0.8984375,0.5070463063564719,0.22934804261219682
64,0.9140625,0.5184749830899791,0.22527746582839014
64,0.9296875,0.5306678833249255,0.22131437926900097
64,0.9453125,0.5436745418092316,0.21745502748889087
64,0.9609375,0.5575493723039009,0.21369581784979497
64,0.9765625,0.5723522191145612,0.21003331210973378
64,0.9921875,0.5881489867340716,0.2064642185158237
