r_ohm_per_pitch,group,level_span_uA,worst_step_a8_uA
0.5,0,991.6943774163794,123.85924279243393
0.5,1,972.0863563381587,121.38651932816927
0.5,2,953.2355756935017,118.98876689486328
0.5,3,935.0988437527877,116.66291881752416
0.5,4,917.6362061735113,114.40606693245184
0.5,5,900.8106468370611,112.21545165984462
0.5,6,884.587821424613,110.08845280790183
0.5,7,868.9358196051612,108.022581046337
0.5,8,853.8249522960061,106.01546999325724
0.5,9,839.2275609501784,104.06486886463303
0.5,10,825.1178462431311,102.16863564035991
0.5,11,811.4717138848669,100.3247307051344
0.5,12,798.2666355841287,98.53121092623117
0.5,13,785.4815234492092,96.78622413363006
0.5,14,773.0966163281092,95.08800397113886
0.5,15,761.0933767801803,93.4348650897726
0.5,16,749.4543975313858,91.82519865726454
0.5,17,738.1633164091999,90.25746815988882
0.5,18,727.204738868181,88.73020547458465
0.5,19,716.5641673266106,87.24200719151528
0.5,20,706.2279366231669,85.79153116871987
0.5,21,696.1831549822107,84.37749330189358
0.5,22,686.4176499455008,82.99866449409026
0.5,23,676.919918788075,81.65386781089822
0.5,24,667.6790829894654,80.34197580825408
0.5,25,658.6848463774521,79.06190802079695
0.5,26,649.9274566023995,77.81262859958505
0.5,27,641.3976696363715,76.5931440892114
0.5,28,633.0867170231157,75.40250133467742
0.5,29,624.9862756324352,74.23978550933754
0.5,30,617.0884396983527,73.10411825611236
0.5,31,609.3856949415933,71.99465593415337
0.5,32,601.8708945972894,70.91058796438423
0.5,33,594.5372371856138,69.85113526742941
0.5,34,587.3782458794136,68.815548787912
0.5,35,580.3877493359307,67.80310809982274
0.5,36,573.5598638729494,66.81312008771573
0.5,37,566.8889768800834,65.84491769907491
0.5,38,560.3697313668525,64.89785876339906
0.5,39,553.9970115568925,63.9713248739662
0.5,40,547.7659294471662,63.06472032839969
0.5,41,541.6718122568086,62.17747112458406
0.5,42,535.710190698219,61.3090240085031
0.5,43,529.8767880074408,60.45884557101681
0.5,44,524.1675096777763,59.626421390646556
0.5,45,518.5784338438319,58.81125521971376
0.5,46,513.1058022689796,58.012868211209685
0.5,47,507.7460118918353,57.23079818434038
0.5,48,502.49560689231237,56.46459892609837
0.5,49,497.3512712397668,55.713839527307684
0.5,50,492.30982168979716,54.97810375079203
0.5,51,487.368201198091,54.25698943016379
0.5,52,482.5234727230213,53.550107897381146
0.5,53,477.77281338992987,52.857083437546365
0.5,54,473.1135089932518,52.1775527694982
0.5,55,468.54294881342406,51.51116455068922
0.5,56,464.05862072784527,50.85757890519005
0.5,57,459.6581065968369,50.21646697348527
0.5,58,455.33907790628507,49.58751048290764
0.5,59,451.099291650837,48.970401337714435
0.5,60,446.9365864419358,48.3648412276717
0.5,61,442.8488788268069,47.77054125425822
0.5,62,438.8341598050617,47.18722157356157
0.5,63,434.89049153032823,46.61461105501483
0.72,0,988.1412749356709,123.37020754079873
0.72,1,960.3448639717454,119.85526751217782
0.72,2,934.0630881377627,116.49169141479253
0.72,3,909.1750221389954,113.27072860381375
0.72,4,885.5723290714466,110.18426446686233
0.72,5,863.1576570120794,107.22476469676718
0.72,6,841.8432756840792,104.38522527884842
0.72,7,821.5499120904574,101.65912752203852
0.72,8,802.2057518971341,99.04039755122682
0.72,9,783.74557956599,96.52336975447666
0.72,10,766.1100351698784,94.10275374312232
0.72,11,749.2449697590793,91.7736044382984
0.72,12,733.1008843126236,89.53129494564364
0.72,13,717.6324398552839,87.37149192066276
0.72,14,702.7980283966295,85.2901331630939
0.72,15,688.5593960351689,83.2834072099955
0.72,16,674.8813109554534,81.3477347230046
0.72,17,661.7312701849827,79.47975149012684
0.72,18,649.0792399200069,77.67629288102279
0.72,19,636.8974250103828,75.93437961468905
0.72,20,625.1600638453488,74.25120471206972
0.72,21,613.8432454271602,72.6241215211354
0.72,22,602.92474587597,71.05063271381351
0.72,23,592.3838819959369,69.52838016436168
0.72,24,582.2013798566285,68.05513562852248
0.72,25,572.3592566209227,66.62879215135891
0.72,26,562.8407140848144,65.24735613820425
0.72,27,553.630042594837,63.908940030674366
0.72,28,544.7125341799084,62.61175553473051
0.72,29,536.0744038816993,61.35410735348969
0.72,30,527.7027183930561,60.13438738142417
0.72,31,519.5853312242992,58.95106932154359
0.72,32,511.7108237092502,57.80270369039435
0.72,33,504.0684512468785,56.68791317827584
0.72,34,496.64809424270874,55.605388336906465
0.72,35,489.44021327755064,54.55388356714419
0.72,36,482.4358080842917,53.53221338358169
0.72,37,475.6263799596435,52.539248933797005
0.72,38,469.00389728028443,51.57391475289204
0.72,39,462.5607638276214,50.6351857344449
0.72,40,456.2897896576077,49.722084302260505
0.72,41,450.18416428046754,48.83367776698271
0.72,42,444.237431938582,47.96907585427304
0.72,43,438.4434687939125,47.127428391546424
0.72,44,432.7964618546454,46.307923141809226
0.72,45,427.29088948811017,45.50978377392347
0.72,46,421.92150338281294,44.73226795924704
0.72,47,416.68331183441217,43.97466558620096
0.72,48,411.5715642447189,43.23629708376955
0.72,49,406.58173673096826,42.516511846771415
0.72,50,401.70951875461805,41.81468675587805
0.72,51,396.95080068563817,41.13022478555026
0.72,52,392.3016622274564,40.46255369428843
0.72,53,387.7583616329328,39.81112479128555
0.72,54,383.3173256497245,39.175411774839084
0.72,55,378.9751401379916,38.55490963728304
0.72,56,374.7285413080311,37.949133632486316
0.72,57,370.57440753118607,37.357618301547646
0.72,58,366.50975168033636,36.77991655322519
0.72,59,362.5317139605248,36.21559879521662
0.72,60,358.63755519357903,35.664252113496914
0.72,61,354.8246505233315,35.12547949644876
0.72,62,351.09048351130247,34.59889910097479
0.72,63,347.4326405943684,34.08414355798126
