both_ends,r_wl,r_drv,margin_left_uA
False,0.72,1.0,0.15144868391756583
False,0.72,2.0,0.10702473671952478
False,0.72,5.0,-0.02204498187608064
False,0.72,10.0,-0.22318679369587535
False,0.36,1.0,0.7521947743628596
False,0.36,2.0,0.7027180020598403
False,0.36,5.0,0.5569411465436305
False,0.36,10.0,0.3252160497706246
True,0.72,1.0,1.083354737339253
True,0.72,2.0,1.0582888072799446
True,0.72,5.0,0.9825189417913536
True,0.72,10.0,0.8555150257110344
True,0.72,20.0,0.6051804644677037
True,0.72,30.0,0.3667439920770772
True,0.72,50.0,-0.06158811590782593
True,0.72,100.0,-0.8654138450039789
True,0.36,1.0,1.2238521881097721
True,0.36,2.0,1.200043647401757
True,0.36,5.0,1.1272900854619257
True,0.36,10.0,1.0032238653960257
True,0.36,20.0,0.7533755773351244
True,0.36,30.0,0.5112563141327523
True,0.36,50.0,0.07069350248551289
True,0.36,100.0,-0.7639177231619845
