panel,a,b,c,d
rail,True,0.00072,0.7816903442616665
rail,True,0.0072,0.6881566183765091
rail,True,0.072,-0.13850173978158112
rail,True,0.72,-3.5895490260559852
rail,False,0.00072,0.6380054013851273
rail,False,0.0072,-0.4952132076322297
rail,False,0.072,-3.7965349943251883
rail,False,0.72,-6.244990294485493
crosstalk,far group,0.5,40.0,8.804272126020425
crosstalk,far group,0.5,60.0,3.2440337533644645
crosstalk,far group,0.5,80.0,1.1244650483987255
crosstalk,far group,0.5,100.0,0.38013244205304264
crosstalk,far group,0.5,130.0,0.07341709733505906
crosstalk,far group,0.5,160.0,0.013982237919678236
crosstalk,far group,0.5,200.0,0.0015194584796198124
crosstalk,far group,0.5,300.0,0.0001
crosstalk,far group,0.5,500.00000000000006,0.0001
crosstalk,far group,0.5,1000.0000000000001,0.0001
crosstalk,far group,0.75,40.0,13.52391959613538
crosstalk,far group,0.75,60.0,6.013683725759607
crosstalk,far group,0.75,80.0,2.4248677750967276
crosstalk,far group,0.75,100.0,0.9412594083796956
crosstalk,far group,0.75,130.0,0.22167541552688957
crosstalk,far group,0.75,160.0,0.05150761239975697
crosstalk,far group,0.75,200.0,0.0072762289975993304
crosstalk,far group,0.75,300.0,0.0001
crosstalk,far group,0.75,500.00000000000006,0.0001
crosstalk,far group,0.75,1000.0000000000001,0.0001
crosstalk,near group,0.5,40.0,0.6128809022145675
crosstalk,near group,0.5,60.0,0.3611660990574149
crosstalk,near group,0.5,80.0,0.18233351631377934
crosstalk,near group,0.5,100.0,0.08621931403096916
crosstalk,near group,0.5,130.0,0.026398632013238686
crosstalk,near group,0.5,160.0,0.007778729144754942
crosstalk,near group,0.5,200.0,0.0014775516002809854
crosstalk,near group,0.5,300.0,0.0001
crosstalk,near group,0.5,500.00000000000006,0.0001
crosstalk,near group,0.5,1000.0000000000001,0.0001
crosstalk,near group,0.75,40.0,0.8599015254715029
crosstalk,near group,0.75,60.0,0.5463145883939995
crosstalk,near group,0.75,80.0,0.304174673876259
crosstalk,near group,0.75,100.0,0.16022191698064878
crosstalk,near group,0.75,130.0,0.058205512781674705
crosstalk,near group,0.75,160.0,0.020464920034417633
crosstalk,near group,0.75,200.0,0.0049416593605852155
crosstalk,near group,0.75,300.0,0.00013273658321306166
crosstalk,near group,0.75,500.00000000000006,0.0001
crosstalk,near group,0.75,1000.0000000000001,0.0001
