dataset,family,g,z
nmnist,spatial,1,0.81305135
nmnist,spatial,2,0.6677009
nmnist,spatial,4,0.4494744
nmnist,spatial,5,0.37151725
nmnist,spatial,10,0.1472085
nmnist,spatial,20,0.037685
nmnist,temporal,1,0.81305135
nmnist,temporal,2,0.7187762
nmnist,temporal,4,0.6504198
nmnist,temporal,5,0.63077475
nmnist,temporal,10,0.5613025
nmnist,temporal,20,0.458944
nmnist,temporal,25,0.4228
nmnist,temporal,50,0.27894
nmnist,temporal,100,0.151695
dvsgesture_frozen,spatial,1,0.6245458333333334
dvsgesture_frozen,spatial,2,0.38885
dvsgesture_frozen,spatial,4,0.14199166666666665
dvsgesture_frozen,spatial,5,0.1009375
dvsgesture_frozen,spatial,10,0.0070416666666666666
dvsgesture_frozen,spatial,20,0.00020833333333333335
dvsgesture_frozen,temporal,1,0.6245458333333334
dvsgesture_frozen,temporal,2,0.5514791666666666
dvsgesture_frozen,temporal,4,0.47841666666666666
dvsgesture_frozen,temporal,5,0.45697916666666666
dvsgesture_frozen,temporal,10,0.39658333333333334
dvsgesture_frozen,temporal,20,0.3545
dvsgesture_frozen,temporal,25,0.3438541666666667
dvsgesture_frozen,temporal,50,0.30041666666666667
dvsgesture_frozen,temporal,100,0.2275
