g,m,single_gap,diff_gap
4,1,0.9806791909279498,0.9298636578047709
4,2,0.944908910234777,0.9279936164230268
4,3,0.911078322611245,0.9279936164230272
4,4,0.8790481246813032,0.9298636578047708
8,1,0.9799501406031534,0.8730032014917103
8,2,0.944220836745763,0.8681213023785241
8,3,0.9104281632275775,0.8648843142199679
8,4,0.8784331020734936,0.8632710730406271
8,5,0.848109044007732,0.8632710730406271
8,6,0.8193404652120992,0.8648843142199679
8,7,0.7920217680105647,0.8681213023785241
8,8,0.7660562623788488,0.8730032014917103
16,1,0.9784946381112571,0.7877881781341212
16,2,0.9428470861349816,0.7788514288736773
16,3,0.9091300586028795,0.7712847603760714
16,4,0.8772051060728431,0.7650440859425796
16,5,0.8469461244880169,0.7600934909572289
16,6,0.8182380401244358,0.7564047713051579
16,7,0.7909756572614097,0.7539570761986263
16,8,0.7650626456710226,0.7527366471504122
16,9,0.7404106486297786,0.7527366471504122
16,10,0.7169384951356322,0.7539570761986263
16,11,0.6945715024852939,0.7564047713051579
16,12,0.6732408574252887,0.7600934909572289
16,13,0.6528830658104041,0.7650440859425796
16,14,0.6334394621463909,0.7712847603760714
16,15,0.6148557716083354,0.7788514288736773
16,16,0.5970817181515625,0.7877881781341212
32,1,0.9755939844587492,0.6839184703014295
32,2,0.9401091332391498,0.670877960528896
32,3,0.9065426724373131,0.6589681806250126
32,4,0.8747572806709172,0.6481289445859271
32,5,0.844627856524908,0.6383067086106153
32,6,0.8160402196934025,0.6294539625084523
32,7,0.7888899724685595,0.6215287050063663
32,8,0.7630814990624278,0.6144939920953498
32,9,0.7385270837832044,0.6083175493718784
32,10,0.7151461320120723,0.6029714408476242
32,11,0.6928644803522014,0.5984317879764659
32,12,0.6716137843436587,0.594678533731016
32,13,0.6513309738275679,0.59169524748793
32,14,0.6319577674621087,0.5894689672859407
32,15,0.6134402390864989,0.5879900767259547
32,16,0.5957284296387639,0.5872522144131582
32,17,0.5787759991875387,0.5872522144131594
32,18,0.5625399143652658,0.5879900767259584
32,19,0.5469801671093653,0.5894689672859348
32,20,0.532059521147506,0.5916952474879328
32,21,0.5177432831170617,0.594678533731016
32,22,0.5039990955987647,0.5984317879764679
32,23,0.4907967496804069,0.6029714408476201
32,24,0.47810801495685484,0.6083175493718813
32,25,0.4659064851234862,0.6144939920953487
32,26,0.4541674375381494,0.6215287050063674
32,27,0.4428677053160764,0.6294539625084523
32,28,0.4319855606873324,0.6383067086106153
32,29,0.4215006084902026,0.6481289445859271
32,30,0.4113936888000491,0.6589681806250126
32,31,0.4016467878038477,0.670877960528896
32,32,0.39224295612697835,0.6839184703014295
64,1,0.9698337549067529,0.5881489867340716
64,2,0.9346711260775066,0.5723522191145612
64,3,0.9014029267195783,0.5575493723038986
64,4,0.869894056094343,0.5436745418092341
64,5,0.8400213873486229,0.5306678833249278
64,6,0.8116725003221161,0.5184749830899769
64,7,0.784744570073914,0.5070463063564719
64,8,0.7591433893677826,0.4963367131080104
64,9,0.7347825067590841,0.4863050318690837
64,10,0.7115824647385429,0.4769136838553329
64,11,0.6894701247277392,0.4681283508853319
64,12,0.6683780676699805,0.4599176814517579
64,13,0.648244060592587,0.4522530301676882
64,14,0.6290105808870786,0.4451082264918514
64,15,0.6106243912093166,0.43845936921677225
64,16,0.5930361588772058,0.4322846436949023
64,17,0.5762001144733964,0.4265641591956404
64,18,0.5600737450627414,0.4212798041412594
64,19,0.5446175180372498,0.41641511727495945
64,20,0.5297946321138078,0.4119551730751042
64,21,0.5155707924515377,0.40788647995530103
64,22,0.5019140072340184,0.40419688998463427
64,23,0.4887944033895405,0.40087551903213686
64,24,0.47618405940304015,0.39791267638668804
64,25,0.4640568534199122,0.39529980303390916
64,26,0.45238832505217635,0.3930294178852547
64,27,0.4411555494836022,0.391095071356291
64,28,0.43033702263020596,0.3894913057817189
64,29,0.41991255625367935,0.38821362223597716
64,30,0.4098631820481247,0.3872584534030877
64,31,0.4001710638280171,0.38662314220662475
64,32,0.3908194170406531,0.38630592597486396
64,33,0.3817924349090651,0.3863059259748666
64,34,0.37307522058516496,0.3866231422066244
64,35,0.36465372475782015,0.3872584534030813
64,36,0.356514688217859,0.3882136222359806
64,37,0.3486455889325333,0.3894913057817191
64,38,0.34103459322794033,0.3910950713562888
64,39,0.33367051071687115,0.39302941788525786
64,40,0.3265427526459481,0.3952998030339094
64,41,0.3196412933678201,0.3979126763866876
64,42,0.31295663467156726,0.4008755190321341
64,43,0.30647977273136,0.40419688998463815
64,44,0.30020216745437117,0.40788647995529775
64,45,0.2941157140308148,0.4119551730751017
64,46,0.28821271650611846,0.41641511727496383
64,47,0.28248586321215347,0.42127980414125726
64,48,0.2769282039090962,0.4265641591956445
64,49,0.2715331285025478,0.43228464369490477
64,50,0.2662943472128141,0.43845936921677114
64,51,0.26120587208372725,0.44510822649184817
64,52,0.2562619997283161,0.4522530301676914
64,53,0.25145729521732996,0.45991768145175643
64,54,0.24678657702489268,0.46812835088532884
64,55,0.24224490295211726,0.47691368385533395
64,56,0.2378275569569625,0.48630503186908824
64,57,0.2335300368238307,0.4963367131080058
64,58,0.22934804261219682,0.5070463063564719
64,59,0.22527746582839014,0.5184749830899791
64,60,0.22131437926900097,0.5306678833249255
64,61,0.21745502748889087,0.5436745418092316
64,62,0.21369581784979497,0.5575493723039009
64,63,0.21003331210973378,0.5723522191145612
64,64,0.2064642185158237,0.5881489867340716
