group,first_row_pos,level_span_uA,worst_step_a8_uA,worst_step_any_a_uA,span_vs_near,step_vs_near,within_group_halfrange_uA,heldout_dev_uA,antisym_dev_uA,usable_halfstep_uA
0,1,991.694,123.859,123.859,1.0000,1.0000,1.2642,1.2642,0.2957,49.544
1,9,972.086,121.387,121.387,0.9802,0.9800,1.2389,1.0844,0.2721,48.555
2,17,953.236,118.989,118.989,0.9612,0.9607,1.2143,1.2143,0.2691,47.596
3,25,935.099,116.663,116.663,0.9429,0.9419,1.1905,1.0404,0.2563,46.665
4,33,917.636,114.406,114.406,0.9253,0.9237,1.1673,1.1673,0.3110,45.762
5,41,900.811,112.215,112.215,0.9084,0.9060,1.1448,1.0669,0.2259,44.886
6,49,884.588,110.088,110.088,0.8920,0.8888,1.1230,1.0456,0.1842,44.035
7,57,868.936,108.023,108.023,0.8762,0.8721,1.1018,1.0250,0.3634,43.209
8,65,853.825,106.015,106.015,0.8610,0.8559,1.0812,1.0812,0.2131,42.406
9,73,839.228,104.065,104.065,0.8463,0.8402,1.0611,1.0611,0.2966,41.626
10,81,825.118,102.169,102.169,0.8320,0.8249,1.0416,1.0416,0.1728,40.867
11,89,811.472,100.325,100.325,0.8183,0.8100,1.0227,1.0227,0.2160,40.130
12,97,798.267,98.531,98.531,0.8050,0.7955,1.0042,1.0042,0.2666,39.412
13,105,785.482,96.786,96.786,0.7921,0.7814,0.9863,0.9135,0.1670,38.714
14,113,773.097,95.088,95.088,0.7796,0.7677,0.9688,0.9688,0.1211,38.035
15,121,761.093,93.435,93.435,0.7675,0.7544,0.9518,0.9518,0.1899,37.374
16,129,749.454,91.825,91.825,0.7557,0.7414,0.9352,0.9352,0.2356,36.730
17,137,738.163,90.257,90.257,0.7443,0.7287,0.9191,0.8494,0.1554,36.103
18,145,727.205,88.730,88.730,0.7333,0.7164,0.9034,0.9034,0.2601,35.492
19,153,716.564,87.242,87.242,0.7226,0.7044,0.8881,0.8881,0.1898,34.897
20,161,706.228,85.792,85.792,0.7121,0.6927,0.8732,0.8732,0.2647,34.317
21,169,696.183,84.377,84.377,0.7020,0.6812,0.8586,0.8586,0.1910,33.751
22,177,686.418,82.999,82.999,0.6922,0.6701,0.8444,0.7787,0.1581,33.199
23,185,676.920,81.654,81.654,0.6826,0.6592,0.8306,0.8306,0.1774,32.662
24,193,667.679,80.342,80.342,0.6733,0.6487,0.8171,0.7529,0.1922,32.137
25,201,658.685,79.062,79.062,0.6642,0.6383,0.8039,0.8039,0.1807,31.625
26,209,649.927,77.813,77.813,0.6554,0.6282,0.7910,0.7801,0.2027,31.125
27,217,641.398,76.593,76.593,0.6468,0.6184,0.7785,0.7785,0.2168,30.637
28,225,633.087,75.403,75.403,0.6384,0.6088,0.7662,0.7662,0.1746,30.161
29,233,624.986,74.240,74.240,0.6302,0.5994,0.7543,0.6941,0.1667,29.696
30,241,617.088,73.104,73.104,0.6223,0.5902,0.7426,0.6832,0.1504,29.242
31,249,609.386,71.995,71.995,0.6145,0.5813,0.7311,0.7354,0.1669,28.798
32,257,601.871,70.911,70.911,0.6069,0.5725,0.7200,0.6622,0.1933,28.364
33,265,594.537,69.851,69.851,0.5995,0.5640,0.7091,0.7091,0.1165,27.940
34,273,587.378,68.816,68.816,0.5923,0.5556,0.6984,0.6984,0.1343,27.526
35,281,580.388,67.803,67.803,0.5852,0.5474,0.6880,0.6880,0.2096,27.121
36,289,573.560,66.813,66.813,0.5784,0.5394,0.6778,0.6778,0.1829,26.725
37,297,566.889,65.845,65.845,0.5716,0.5316,0.6679,0.6781,0.1294,26.338
38,305,560.370,64.898,64.898,0.5651,0.5240,0.6581,0.6581,0.1323,25.959
39,313,553.997,63.971,63.971,0.5586,0.5165,0.6486,0.6486,0.1310,25.589
40,321,547.766,63.065,63.065,0.5524,0.5092,0.6393,0.6393,0.1068,25.226
41,329,541.672,62.177,62.177,0.5462,0.5020,0.6301,0.6301,0.1723,24.871
42,337,535.710,61.309,61.309,0.5402,0.4950,0.6212,0.6212,0.1908,24.524
43,345,529.877,60.459,60.459,0.5343,0.4881,0.6125,0.6028,0.0912,24.184
44,353,524.168,59.626,59.626,0.5286,0.4814,0.6039,0.5703,0.1096,23.851
45,361,518.578,58.811,58.811,0.5229,0.4748,0.5955,0.5955,0.1460,23.525
46,369,513.106,58.013,58.013,0.5174,0.4684,0.5873,0.5394,0.1130,23.205
47,377,507.746,57.231,57.231,0.5120,0.4621,0.5793,0.5793,0.1282,22.892
48,385,502.496,56.465,56.465,0.5067,0.4559,0.5714,0.5714,0.1120,22.586
49,393,497.351,55.714,55.714,0.5015,0.4498,0.5637,0.5637,0.1395,22.286
50,401,492.310,54.978,54.978,0.4964,0.4439,0.5562,0.5107,0.1273,21.991
51,409,487.368,54.257,54.257,0.4914,0.4381,0.5487,0.5487,0.0927,21.703
52,417,482.523,53.550,53.550,0.4866,0.4323,0.5415,0.5415,0.1375,21.420
53,425,477.773,52.857,52.857,0.4818,0.4268,0.5344,0.5545,0.1288,21.143
54,433,473.114,52.178,52.178,0.4771,0.4213,0.5274,0.5059,0.1058,20.871
55,441,468.543,51.511,51.511,0.4725,0.4159,0.5206,0.4781,0.2162,20.604
56,449,464.059,50.858,50.858,0.4679,0.4106,0.5138,0.5138,0.0814,20.343
57,457,459.658,50.216,50.216,0.4635,0.4054,0.5073,0.5073,0.0832,20.087
58,465,455.339,49.588,49.588,0.4592,0.4004,0.5008,0.5008,0.0626,19.835
59,473,451.099,48.970,48.970,0.4549,0.3954,0.4945,0.4542,0.0909,19.588
60,481,446.937,48.365,48.365,0.4507,0.3905,0.4883,0.4503,0.0818,19.346
61,489,442.849,47.771,47.771,0.4466,0.3857,0.4822,0.4822,0.1013,19.108
62,497,438.834,47.187,47.187,0.4425,0.3810,0.4762,0.4762,0.1033,18.875
63,505,434.890,46.615,46.615,0.4385,0.3764,0.4703,0.4703,0.1086,18.646
